{
    "name": "root",
    "gauges": {
        "agentML.Policy.Entropy.mean": {
            "value": 1.498252511024475,
            "min": 1.498252511024475,
            "max": 1.6090031862258911,
            "count": 15
        },
        "agentML.Policy.Entropy.sum": {
            "value": 17087.5703125,
            "min": 17087.5703125,
            "max": 20828.546875,
            "count": 15
        },
        "agentML.Environment.EpisodeLength.mean": {
            "value": 669.8823529411765,
            "min": 581.0,
            "max": 923.7692307692307,
            "count": 15
        },
        "agentML.Environment.EpisodeLength.sum": {
            "value": 11388.0,
            "min": 11113.0,
            "max": 12931.0,
            "count": 15
        },
        "agentML.Step.mean": {
            "value": 179106.0,
            "min": 11945.0,
            "max": 179106.0,
            "count": 15
        },
        "agentML.Step.sum": {
            "value": 179106.0,
            "min": 11945.0,
            "max": 179106.0,
            "count": 15
        },
        "agentML.Policy.ExtrinsicValueEstimate.mean": {
            "value": 0.3030235767364502,
            "min": 0.022338125854730606,
            "max": 0.3030235767364502,
            "count": 15
        },
        "agentML.Policy.ExtrinsicValueEstimate.sum": {
            "value": 5.151400566101074,
            "min": 0.3350718915462494,
            "max": 5.151400566101074,
            "count": 15
        },
        "agentML.Environment.CumulativeReward.mean": {
            "value": 0.5648587836938745,
            "min": -0.6170000846569355,
            "max": 1.3683600217103957,
            "count": 15
        },
        "agentML.Environment.CumulativeReward.sum": {
            "value": 9.602599322795868,
            "min": -8.021001100540161,
            "max": 27.367200434207916,
            "count": 15
        },
        "agentML.Policy.ExtrinsicReward.mean": {
            "value": 0.5648587836938745,
            "min": -0.6170000846569355,
            "max": 1.3683600217103957,
            "count": 15
        },
        "agentML.Policy.ExtrinsicReward.sum": {
            "value": 9.602599322795868,
            "min": -8.021001100540161,
            "max": 27.367200434207916,
            "count": 15
        },
        "agentML.IsTraining.mean": {
            "value": 1.0,
            "min": 1.0,
            "max": 1.0,
            "count": 15
        },
        "agentML.IsTraining.sum": {
            "value": 1.0,
            "min": 1.0,
            "max": 1.0,
            "count": 15
        },
        "agentML.Losses.PolicyLoss.mean": {
            "value": 0.0993000287793134,
            "min": 0.09503270906501825,
            "max": 0.10531895186907302,
            "count": 14
        },
        "agentML.Losses.PolicyLoss.sum": {
            "value": 0.0993000287793134,
            "min": 0.09503270906501825,
            "max": 0.10531895186907302,
            "count": 14
        },
        "agentML.Losses.ValueLoss.mean": {
            "value": 0.0727062364825026,
            "min": 0.007939872500003579,
            "max": 0.10841085815491776,
            "count": 14
        },
        "agentML.Losses.ValueLoss.sum": {
            "value": 0.0727062364825026,
            "min": 0.007939872500003579,
            "max": 0.10841085815491776,
            "count": 14
        },
        "agentML.Policy.LearningRate.mean": {
            "value": 0.00019413003528999997,
            "min": 0.00019413003528999997,
            "max": 0.00029223300258899996,
            "count": 14
        },
        "agentML.Policy.LearningRate.sum": {
            "value": 0.00019413003528999997,
            "min": 0.00019413003528999997,
            "max": 0.00029223300258899996,
            "count": 14
        },
        "agentML.Policy.Epsilon.mean": {
            "value": 0.16471,
            "min": 0.16471,
            "max": 0.197411,
            "count": 14
        },
        "agentML.Policy.Epsilon.sum": {
            "value": 0.16471,
            "min": 0.16471,
            "max": 0.197411,
            "count": 14
        },
        "agentML.Policy.Beta.mean": {
            "value": 0.0006506289999999999,
            "min": 0.0006506289999999999,
            "max": 0.0009743688999999999,
            "count": 14
        },
        "agentML.Policy.Beta.sum": {
            "value": 0.0006506289999999999,
            "min": 0.0006506289999999999,
            "max": 0.0009743688999999999,
            "count": 14
        }
    },
    "metadata": {
        "timer_format_version": "0.1.0",
        "start_time_seconds": "1722597772",
        "python_version": "3.10.11 | packaged by Anaconda, Inc. | (main, May 16 2023, 00:55:32) [MSC v.1916 64 bit (AMD64)]",
        "command_line_arguments": "D:\\Users\\nacho\\anaconda3\\envs\\cursoml5\\Scripts\\mlagents-learn ./trainer_config.yaml --run-id prueba1SinDemo --force",
        "mlagents_version": "1.1.0.dev0",
        "mlagents_envs_version": "1.1.0.dev0",
        "communication_protocol_version": "1.5.0",
        "pytorch_version": "2.2.2+cu121",
        "numpy_version": "1.22.4",
        "end_time_seconds": "1722599410"
    },
    "total": 1638.6052070999867,
    "count": 1,
    "self": 0.006637999962549657,
    "children": {
        "run_training.setup": {
            "total": 0.1305912000243552,
            "count": 1,
            "self": 0.1305912000243552
        },
        "TrainerController.start_learning": {
            "total": 1638.4679778999998,
            "count": 1,
            "self": 3.2805511944461614,
            "children": {
                "TrainerController._reset_env": {
                    "total": 12.29145309998421,
                    "count": 1,
                    "self": 12.29145309998421
                },
                "TrainerController.advance": {
                    "total": 1622.7507960055664,
                    "count": 185391,
                    "self": 3.114010412187781,
                    "children": {
                        "env_step": {
                            "total": 1497.2614644923888,
                            "count": 185391,
                            "self": 868.4695925031265,
                            "children": {
                                "SubprocessEnvManager._take_step": {
                                    "total": 626.5321486960456,
                                    "count": 185391,
                                    "self": 10.419591995159863,
                                    "children": {
                                        "TorchPolicy.evaluate": {
                                            "total": 616.1125567008858,
                                            "count": 185204,
                                            "self": 616.1125567008858
                                        }
                                    }
                                },
                                "workers": {
                                    "total": 2.259723293216666,
                                    "count": 185390,
                                    "self": 0.0,
                                    "children": {
                                        "worker_root": {
                                            "total": 1559.1552876947098,
                                            "count": 185390,
                                            "is_parallel": true,
                                            "self": 916.7582086977491,
                                            "children": {
                                                "steps_from_proto": {
                                                    "total": 0.0007724000024609268,
                                                    "count": 1,
                                                    "is_parallel": true,
                                                    "self": 0.0004243999719619751,