{
    "name": "root",
    "gauges": {
        "agentML.Policy.Entropy.mean": {
            "value": 0.9495312571525574,
            "min": 0.9495312571525574,
            "max": 1.6090853214263916,
            "count": 28
        },
        "agentML.Policy.Entropy.sum": {
            "value": 11384.8798828125,
            "min": 11384.8798828125,
            "max": 20103.912109375,
            "count": 28
        },
        "agentML.Environment.EpisodeLength.mean": {
            "value": 123.89583333333333,
            "min": 110.41666666666667,
            "max": 891.4285714285714,
            "count": 28
        },
        "agentML.Environment.EpisodeLength.sum": {
            "value": 11894.0,
            "min": 11341.0,
            "max": 12562.0,
            "count": 28
        },
        "agentML.Step.mean": {
            "value": 335979.0,
            "min": 11494.0,
            "max": 335979.0,
            "count": 28
        },
        "agentML.Step.sum": {
            "value": 335979.0,
            "min": 11494.0,
            "max": 335979.0,
            "count": 28
        },
        "agentML.Policy.ExtrinsicValueEstimate.mean": {
            "value": 1.4627150297164917,
            "min": -0.015774397179484367,
            "max": 1.5044515132904053,
            "count": 28
        },
        "agentML.Policy.ExtrinsicValueEstimate.sum": {
            "value": 140.42063903808594,
            "min": -0.20506715774536133,
            "max": 155.05718994140625,
            "count": 28
        },
        "agentML.Environment.CumulativeReward.mean": {
            "value": 2.84385220768551,
            "min": -0.4244769536531888,
            "max": 2.8887723596007735,
            "count": 28
        },
        "agentML.Environment.CumulativeReward.sum": {
            "value": 273.009811937809,
            "min": -5.518200397491455,
            "max": 311.98741483688354,
            "count": 28
        },
        "agentML.Policy.ExtrinsicReward.mean": {
            "value": 2.84385220768551,
            "min": -0.4244769536531888,
            "max": 2.8887723596007735,
            "count": 28
        },
        "agentML.Policy.ExtrinsicReward.sum": {
            "value": 273.009811937809,
            "min": -5.518200397491455,
            "max": 311.98741483688354,
            "count": 28
        },
        "agentML.IsTraining.mean": {
            "value": 1.0,
            "min": 1.0,
            "max": 1.0,
            "count": 28
        },
        "agentML.IsTraining.sum": {
            "value": 1.0,
            "min": 1.0,
            "max": 1.0,
            "count": 28
        },
        "agentML.Losses.PolicyLoss.mean": {
            "value": 0.10203890147097144,
            "min": 0.09299215882792013,
            "max": 0.10614654581006776,
            "count": 27
        },
        "agentML.Losses.PolicyLoss.sum": {
            "value": 0.10203890147097144,
            "min": 0.09299215882792013,
            "max": 0.10614654581006776,
            "count": 27
        },
        "agentML.Losses.ValueLoss.mean": {
            "value": 0.20863630837952415,
            "min": 0.02466535834524787,
            "max": 0.20863630837952415,
            "count": 27
        },
        "agentML.Losses.ValueLoss.sum": {
            "value": 0.20863630837952415,
            "min": 0.02466535834524787,
            "max": 0.20863630837952415,
            "count": 27
        },
        "agentML.Policy.LearningRate.mean": {
            "value": 0.00010270446576519998,
            "min": 0.00010270446576519998,
            "max": 0.0002925036024988,
            "count": 27
        },
        "agentML.Policy.LearningRate.sum": {
            "value": 0.00010270446576519998,
            "min": 0.00010270446576519998,
            "max": 0.0002925036024988,
            "count": 27
        },
        "agentML.Policy.Epsilon.mean": {
            "value": 0.13423480000000004,
            "min": 0.13423480000000004,
            "max": 0.19750120000000002,
            "count": 27
        },
        "agentML.Policy.Epsilon.sum": {
            "value": 0.13423480000000004,
            "min": 0.13423480000000004,
            "max": 0.19750120000000002,
            "count": 27
        },
        "agentML.Policy.Beta.mean": {
            "value": 0.00034892452000000006,
            "min": 0.00034892452000000006,
            "max": 0.00097526188,
            "count": 27
        },
        "agentML.Policy.Beta.sum": {
            "value": 0.00034892452000000006,
            "min": 0.00034892452000000006,
            "max": 0.00097526188,
            "count": 27
        }
    },
    "metadata": {
        "timer_format_version": "0.1.0",
        "start_time_seconds": "1722599455",
        "python_version": "3.10.11 | packaged by Anaconda, Inc. | (main, May 16 2023, 00:55:32) [MSC v.1916 64 bit (AMD64)]",
        "command_line_arguments": "D:\\Users\\nacho\\anaconda3\\envs\\cursoml5\\Scripts\\mlagents-learn ./trainer_config.yaml --run-id prueba1SinDemoFixTag",
        "mlagents_version": "1.1.0.dev0",
        "mlagents_envs_version": "1.1.0.dev0",
        "communication_protocol_version": "1.5.0",
        "pytorch_version": "2.2.2+cu121",
        "numpy_version": "1.22.4",
        "end_time_seconds": "1722602486"
    },
    "total": 3031.391536499985,
    "count": 1,
    "self": 0.01804579998133704,
    "children": {
        "run_training.setup": {
            "total": 0.12456759999622591,
            "count": 1,
            "self": 0.12456759999622591
        },
        "TrainerController.start_learning": {
            "total": 3031.2489231000072,
            "count": 1,
            "self": 6.22616560276947,
            "children": {
                "TrainerController._reset_env": {
                    "total": 10.82483259998844,
                    "count": 1,
                    "self": 10.82483259998844
                },
                "TrainerController.advance": {
                    "total": 3014.042763897247,
                    "count": 346838,
                    "self": 5.88947619945975,
                    "children": {
                        "env_step": {
                            "total": 2759.372457803198,
                            "count": 346838,
                            "self": 1534.457650802069,
                            "children": {
                                "SubprocessEnvManager._take_step": {
                                    "total": 1220.6824030979187,
                                    "count": 346838,
                                    "self": 19.239521811017767,
                                    "children": {
                                        "TorchPolicy.evaluate": {
                                            "total": 1201.442881286901,
                                            "count": 345514,
                                            "self": 1201.442881286901
                                        }
                                    }
                                },
                                "workers": {
                                    "total": 4.23240390321007,
                                    "count": 346837,
                                    "self": 0.0,
                                    "children": {
                                        "worker_root": {
                                            "total": 2949.486422816117,
                                            "count": 346837,
                                            "is_parallel": true,
                                            "self": 1785.1887712043826,
                                            "children": {
                                                "steps_from_proto": {
                                                    "total": 0.000651800015475601,
                                                    "count": 1,
                                                    "is_parallel": true,