{"cameraMode":{"drawMode":0,"name":"Shaded","section":"Shading Mode"},"sceneLighting":true,"audioPlay":false,"sceneViewState":{"m_AlwaysRefresh":false,"showFog":true,"showSkybox":true,"showFlares":true,"showImageEffects":true,"showParticleSystems":true,"showVisualEffectGraphs":true,"m_FxEnabled":true},"in2DMode":false,"pivot":{"x":-28.40598487854004,"y":0.6445674896240234,"z":-10.164241790771485},"rotation":{"x":-0.34456968307495119,"y":-0.19600580632686616,"z":0.07371675223112107,"w":-0.9153969287872315},"size":10.449999809265137,"orthographic":false}