{"cameraMode":{"drawMode":0,"name":"Shaded","section":"Shading Mode"},"sceneLighting":true,"audioPlay":false,"sceneViewState":{"m_AlwaysRefresh":false,"showFog":true,"showSkybox":true,"showFlares":true,"showImageEffects":true,"showParticleSystems":true,"showVisualEffectGraphs":true,"m_FxEnabled":true},"in2DMode":false,"pivot":{"x":29.482810974121095,"y":-13.661331176757813,"z":14.534337997436524},"rotation":{"x":0.2684493660926819,"y":-0.6557530760765076,"z":0.29077455401420596,"w":0.6543333530426025},"size":44.39492416381836,"orthographic":false}