{
    "name": "root",
    "gauges": {
        "agentML.Policy.Entropy.mean": {
            "value": 0.5981566309928894,
            "min": 0.5826514959335327,
            "max": 0.9066329002380371,
            "count": 41
        },
        "agentML.Policy.Entropy.sum": {
            "value": 7283.1552734375,
            "min": 6987.0908203125,
            "max": 11815.240234375,
            "count": 41
        },
        "agentML.Environment.EpisodeLength.mean": {
            "value": 191.61904761904762,
            "min": 177.80597014925374,
            "max": 714.8235294117648,
            "count": 41
        },
        "agentML.Environment.EpisodeLength.sum": {
            "value": 12072.0,
            "min": 11306.0,
            "max": 12693.0,
            "count": 41
        },
        "agentML.Step.mean": {
            "value": 491937.0,
            "min": 11518.0,
            "max": 491937.0,
            "count": 41
        },
        "agentML.Step.sum": {
            "value": 491937.0,
            "min": 11518.0,
            "max": 491937.0,
            "count": 41
        },
        "agentML.Policy.ExtrinsicValueEstimate.mean": {
            "value": 1.0689131021499634,
            "min": 0.49817708134651184,
            "max": 1.6837191581726074,
            "count": 41
        },
        "agentML.Policy.ExtrinsicValueEstimate.sum": {
            "value": 67.34152221679688,
            "min": 12.454426765441895,
            "max": 73.25684356689453,
            "count": 41
        },
        "agentML.Environment.CumulativeReward.mean": {
            "value": 2.8026826570904446,
            "min": 1.217937521636486,
            "max": 2.822218044480281,
            "count": 41
        },
        "agentML.Environment.CumulativeReward.sum": {
            "value": 176.569007396698,
            "min": 19.487000346183777,
            "max": 191.80180764198303,
            "count": 41
        },
        "agentML.Policy.ExtrinsicReward.mean": {
            "value": 2.8026826570904446,
            "min": 1.217937521636486,
            "max": 2.822218044480281,
            "count": 41
        },
        "agentML.Policy.ExtrinsicReward.sum": {
            "value": 176.569007396698,
            "min": 19.487000346183777,
            "max": 191.80180764198303,
            "count": 41
        },
        "agentML.IsTraining.mean": {
            "value": 1.0,
            "min": 1.0,
            "max": 1.0,
            "count": 41
        },
        "agentML.IsTraining.sum": {
            "value": 1.0,
            "min": 1.0,
            "max": 1.0,
            "count": 41
        },
        "agentML.Losses.PolicyLoss.mean": {
            "value": 0.09905917496678043,
            "min": 0.09461032827582924,
            "max": 0.1094402185416655,
            "count": 40
        },
        "agentML.Losses.PolicyLoss.sum": {
            "value": 0.09905917496678043,
            "min": 0.09461032827582924,
            "max": 0.1094402185416655,
            "count": 40
        },
        "agentML.Losses.ValueLoss.mean": {
            "value": 0.18968061090889551,
            "min": 0.04479940217968665,
            "max": 0.18968061090889551,
            "count": 40
        },
        "agentML.Losses.ValueLoss.sum": {
            "value": 0.18968061090889551,
            "min": 0.04479940217968665,
            "max": 0.18968061090889551,
            "count": 40
        },
        "agentML.Policy.LearningRate.mean": {
            "value": 8.189497270200014e-06,
            "min": 8.189497270200014e-06,
            "max": 0.0002926986024338,
            "count": 40
        },
        "agentML.Policy.LearningRate.sum": {
            "value": 8.189497270200014e-06,
            "min": 8.189497270200014e-06,
            "max": 0.0002926986024338,
            "count": 40
        },
        "agentML.Policy.Epsilon.mean": {
            "value": 0.1027298,
            "min": 0.1027298,
            "max": 0.19756620000000003,
            "count": 40
        },
        "agentML.Policy.Epsilon.sum": {
            "value": 0.1027298,
            "min": 0.1027298,
            "max": 0.19756620000000003,
            "count": 40
        },
        "agentML.Policy.Beta.mean": {
            "value": 3.702502000000005e-05,
            "min": 3.702502000000005e-05,
            "max": 0.0009759053800000002,
            "count": 40
        },
        "agentML.Policy.Beta.sum": {
            "value": 3.702502000000005e-05,
            "min": 3.702502000000005e-05,
            "max": 0.0009759053800000002,
            "count": 40
        }
    },
    "metadata": {
        "timer_format_version": "0.1.0",
        "start_time_seconds": "1722775438",
        "python_version": "3.10.11 | packaged by Anaconda, Inc. | (main, May 16 2023, 00:55:32) [MSC v.1916 64 bit (AMD64)]",
        "command_line_arguments": "D:\\Users\\nacho\\anaconda3\\envs\\cursoml5\\Scripts\\mlagents-learn ./trainer_config.yaml --initialize-from=prueba2SinDemo --run-id prueba2_1",
        "mlagents_version": "1.1.0.dev0",
        "mlagents_envs_version": "1.1.0.dev0",
        "communication_protocol_version": "1.5.0",
        "pytorch_version": "2.2.2+cu121",
        "numpy_version": "1.22.4",
        "end_time_seconds": "1722777884"
    },
    "total": 2445.8092463000066,
    "count": 1,
    "self": 0.06330930000694934,
    "children": {
        "run_training.setup": {
            "total": 0.30059740001161117,
            "count": 1,
            "self": 0.30059740001161117
        },
        "TrainerController.start_learning": {
            "total": 2445.445339599988,
            "count": 1,
            "self": 4.619984702585498,
            "children": {
                "TrainerController._reset_env": {
                    "total": 49.072102999998606,
                    "count": 1,
                    "self": 49.072102999998606
                },
                "TrainerController.advance": {
                    "total": 2391.6230994974176,
                    "count": 251916,
                    "self": 4.3275853981031105,
                    "children": {
                        "env_step": {
                            "total": 2040.6399759993074,
                            "count": 251916,
                            "self": 1137.4719441031048,
                            "children": {
                                "SubprocessEnvManager._take_step": {
                                    "total": 900.055889696625,
                                    "count": 251916,
                                    "self": 14.073847595456755,
                                    "children": {
                                        "TorchPolicy.evaluate": {
                                            "total": 885.9820421011682,
                                            "count": 250372,
                                            "self": 885.9820421011682
                                        }
                                    }
                                },
                                "workers": {
                                    "total": 3.1121421995776473,
                                    "count": 251916,
                                    "self": 0.0,
                                    "children": {
                                        "worker_root": {
                                            "total": 2398.400935701138,
                                            "count": 251916,
                                            "is_parallel": true,
                                            "self": 1492.0716739988275,
                                            "children": {
                                                "steps_from_proto": {
                                                    "total": 0.025821699993684888,
                                                    "count": 1,
                                                    "is_parallel": true,