{
    "name": "root",
    "gauges": {
        "agentML.Policy.Entropy.mean": {
            "value": 0.96462082862854,
            "min": 0.96462082862854,
            "max": 1.609196424484253,
            "count": 19
        },
        "agentML.Policy.Entropy.sum": {
            "value": 11645.8671875,
            "min": 11645.8671875,
            "max": 19974.62109375,
            "count": 19
        },
        "agentML.Environment.EpisodeLength.mean": {
            "value": 709.1764705882352,
            "min": 619.0,
            "max": 923.3846153846154,
            "count": 19
        },
        "agentML.Environment.EpisodeLength.sum": {
            "value": 12056.0,
            "min": 11283.0,
            "max": 12767.0,
            "count": 19
        },
        "agentML.Step.mean": {
            "value": 227887.0,
            "min": 11176.0,
            "max": 227887.0,
            "count": 19
        },
        "agentML.Step.sum": {
            "value": 227887.0,
            "min": 11176.0,
            "max": 227887.0,
            "count": 19
        },
        "agentML.Policy.ExtrinsicValueEstimate.mean": {
            "value": 0.19903171062469482,
            "min": 0.03188709542155266,
            "max": 0.29275110363960266,
            "count": 19
        },
        "agentML.Policy.ExtrinsicValueEstimate.sum": {
            "value": 3.3835389614105225,
            "min": 0.446419358253479,
            "max": 5.269519805908203,
            "count": 19
        },
        "agentML.Policy.GailValueEstimate.mean": {
            "value": 22.045242309570312,
            "min": 0.020752720534801483,
            "max": 27.484891891479492,
            "count": 19
        },
        "agentML.Policy.GailValueEstimate.sum": {
            "value": 374.7691345214844,
            "min": 0.2697853744029999,
            "max": 439.7582702636719,
            "count": 19
        },
        "agentML.Environment.CumulativeReward.mean": {
            "value": 0.8785411820692175,
            "min": -0.23169235999767596,
            "max": 1.2701473863501298,
            "count": 19
        },
        "agentML.Environment.CumulativeReward.sum": {
            "value": 14.935200095176697,
            "min": -3.0120006799697876,
            "max": 24.132800340652466,
            "count": 19
        },
        "agentML.Policy.ExtrinsicReward.mean": {
            "value": 0.8785411820692175,
            "min": -0.23169235999767596,
            "max": 1.2701473863501298,
            "count": 19
        },
        "agentML.Policy.ExtrinsicReward.sum": {
            "value": 14.935200095176697,
            "min": -3.0120006799697876,
            "max": 24.132800340652466,
            "count": 19
        },
        "agentML.Policy.GailReward.mean": {
            "value": 167.8203836328843,
            "min": 158.53253946806254,
            "max": 300.41946271749646,
            "count": 19
        },
        "agentML.Policy.GailReward.sum": {
            "value": 2852.946521759033,
            "min": 2808.589554309845,
            "max": 4027.629737854004,
            "count": 19
        },
        "agentML.IsTraining.mean": {
            "value": 1.0,
            "min": 1.0,
            "max": 1.0,
            "count": 19
        },
        "agentML.IsTraining.sum": {
            "value": 1.0,
            "min": 1.0,
            "max": 1.0,
            "count": 19
        },
        "agentML.Losses.PolicyLoss.mean": {
            "value": 0.09968840313849857,
            "min": 0.09579518434459938,
            "max": 0.10507622789848911,
            "count": 18
        },
        "agentML.Losses.PolicyLoss.sum": {
            "value": 0.09968840313849857,
            "min": 0.09579518434459938,
            "max": 0.10507622789848911,
            "count": 18
        },
        "agentML.Losses.ValueLoss.mean": {
            "value": 7.324258352393534,
            "min": 4.2384727009177405,
            "max": 22.21152675381878,
            "count": 18
        },
        "agentML.Losses.ValueLoss.sum": {
            "value": 7.324258352393534,
            "min": 4.2384727009177405,
            "max": 22.21152675381878,
            "count": 18
        },
        "agentML.Policy.LearningRate.mean": {
            "value": 0.00016596964467679998,
            "min": 0.00016596964467679998,
            "max": 0.00029269440243519994,
            "count": 18
        },
        "agentML.Policy.LearningRate.sum": {
            "value": 0.00016596964467679998,
            "min": 0.00016596964467679998,
            "max": 0.00029269440243519994,
            "count": 18
        },
        "agentML.Policy.Epsilon.mean": {
            "value": 0.1553232,
            "min": 0.1553232,
            "max": 0.19756480000000004,
            "count": 18
        },
        "agentML.Policy.Epsilon.sum": {
            "value": 0.1553232,
            "min": 0.1553232,
            "max": 0.19756480000000004,
            "count": 18
        },
        "agentML.Policy.Beta.mean": {
            "value": 0.0005576996799999999,
            "min": 0.0005576996799999999,
            "max": 0.0009758915199999999,
            "count": 18
        },
        "agentML.Policy.Beta.sum": {
            "value": 0.0005576996799999999,
            "min": 0.0005576996799999999,
            "max": 0.0009758915199999999,
            "count": 18
        },
        "agentML.Policy.GAILPolicyEstimate.mean": {
            "value": 0.33787272215680303,
            "min": 0.3284947836461167,
            "max": 0.43217111935377545,
            "count": 18
        },
        "agentML.Policy.GAILPolicyEstimate.sum": {
            "value": 0.33787272215680303,
            "min": 0.3284947836461167,
            "max": 0.43217111935377545,
            "count": 18
        },
        "agentML.Policy.GAILExpertEstimate.mean": {
            "value": 0.6523299507833832,
            "min": 0.5497574228228945,
            "max": 0.6523299507833832,
            "count": 18
        },
        "agentML.Policy.GAILExpertEstimate.sum": {
            "value": 0.6523299507833832,
            "min": 0.5497574228228945,
            "max": 0.6523299507833832,
            "count": 18
        },
        "agentML.Losses.GAILLoss.mean": {
            "value": 0.959225326727081,
            "min": 0.9368448806926608,
            "max": 1.2620147971730484,
            "count": 18
        },
        "agentML.Losses.GAILLoss.sum": {
            "value": 0.959225326727081,
            "min": 0.9368448806926608,
            "max": 1.2620147971730484,
            "count": 18
        },
        "agentML.Policy.GAILGradMagLoss.mean": {
            "value": 0.05158194853996805,
            "min": 0.04732570523598806,
            "max": 1.383258773360336,
            "count": 18
        },
        "agentML.Policy.GAILGradMagLoss.sum": {
            "value": 0.05158194853996805,
            "min": 0.04732570523598806,
            "max": 1.383258773360336,
            "count": 18
        },
        "agentML.Losses.PretrainingLoss.mean": {
            "value": 0.7579940983227321,
            "min": 0.7579940983227321,
            "max": 1.4410904882446167,
            "count": 18
        },
        "agentML.Losses.PretrainingLoss.sum": {
            "value": 0.7579940983227321,
            "min": 0.7579940983227321,
            "max": 1.4410904882446167,
            "count": 18
        }
    },
    "metadata": {
        "timer_format_version": "0.1.0",
        "start_time_seconds": "1722665009",
        "python_version": "3.10.11 | packaged by Anaconda, Inc. | (main, May 16 2023, 00:55:32) [MSC v.1916 64 bit (AMD64)]",
        "command_line_arguments": "D:\\Users\\nacho\\anaconda3\\envs\\cursoml5\\Scripts\\mlagents-learn ./trainer_config_demo.yaml --run-id prueba1Demo --force",
        "mlagents_version": "1.1.0.dev0",
        "mlagents_envs_version": "1.1.0.dev0",
        "communication_protocol_version": "1.5.0",
        "pytorch_version": "2.2.2+cu121",