{"count":1,"self":307.1427328,"total":318.4136244,"children":{"InitializeActuators":{"count":5,"self":0.0019955999999999997,"total":0.0019955999999999997,"children":null},"InitializeSensors":{"count":5,"self":0.0019764,"total":0.0019764,"children":null},"AgentSendState":{"count":15628,"self":0.87684129999999993,"total":0.9879469,"children":{"CollectObservations":{"count":15630,"self":0.0340066,"total":0.0340066,"children":null},"WriteActionMask":{"count":15630,"self":0.011497199999999999,"total":0.011497199999999999,"children":null},"RequestDecision":{"count":15630,"self":0.0656018,"total":0.0656018,"children":null}}},"DecideAction":{"count":15628,"self":9.01756,"total":9.8848703999999987,"children":{"RayPerceptionSensor.Perceive":{"count":15630,"self":0.8673107,"total":0.8673107,"children":null}}},"AgentAct":{"count":15628,"self":0.39410979999999995,"total":0.39410979999999995,"children":null}},"gauges":{"agentHunted.CumulativeReward":{"count":21,"max":1.73310876,"min":-6.052982,"runningAverage":-0.110530928,"value":1.60076964,"weightedAverage":-0.6046862},"agentHunter.CumulativeReward":{"count":14,"max":1.95752025,"min":-2.18247414,"runningAverage":0.483148038,"value":-0.1383417,"weightedAverage":0.199841008}},"metadata":{"timer_format_version":"0.1.0","start_time_seconds":"1726890423","unity_version":"2023.2.12f1","command_line_arguments":"D:\\Program Files\\Unity\\2023.2.12f1\\Editor\\Unity.exe -projectpath D:\\Users\\nacho\\Desktop\\Progra\\unity\\3dIA2 -useHub -hubIPC -cloudEnvironment production -licensingIpc LicenseClient-nacho -hubSessionId 71c0e46d-50c2-4a40-b02a-a607516d4263 -accessToken 11FuvW9DcMVG0NUzpg-4ZxywveA1o6w20PBaNVXjnSg004f","communication_protocol_version":"1.5.0","com.unity.ml-agents_version":"2.0.1","scene_name":"MultiAgentv2 2","end_time_seconds":"1726890741"}}