{
    "name": "root",
    "gauges": {
        "agentML.Policy.Entropy.mean": {
            "value": 0.817875862121582,
            "min": 0.7851288914680481,
            "max": 1.6090061664581299,
            "count": 41
        },
        "agentML.Policy.Entropy.sum": {
            "value": 10079.501953125,
            "min": 8840.6337890625,
            "max": 20656.421875,
            "count": 41
        },
        "agentML.Environment.EpisodeLength.mean": {
            "value": 820.6,
            "min": 478.625,
            "max": 916.0,
            "count": 41
        },
        "agentML.Environment.EpisodeLength.sum": {
            "value": 12309.0,
            "min": 11019.0,
            "max": 12824.0,
            "count": 41
        },
        "agentML.Step.mean": {
            "value": 491744.0,
            "min": 11838.0,
            "max": 491744.0,
            "count": 41
        },
        "agentML.Step.sum": {
            "value": 491744.0,
            "min": 11838.0,
            "max": 491744.0,
            "count": 41
        },
        "agentML.Policy.ExtrinsicValueEstimate.mean": {
            "value": 0.05656706914305687,
            "min": 0.033705390989780426,
            "max": 0.39951369166374207,
            "count": 41
        },
        "agentML.Policy.ExtrinsicValueEstimate.sum": {
            "value": 0.8485060334205627,
            "min": 0.7078132033348083,
            "max": 9.58832836151123,
            "count": 41
        },
        "agentML.Policy.GailValueEstimate.mean": {
            "value": 21.806873321533203,
            "min": -0.04945087805390358,
            "max": 26.230918884277344,
            "count": 41
        },
        "agentML.Policy.GailValueEstimate.sum": {
            "value": 327.10308837890625,
            "min": -0.6428614258766174,
            "max": 578.2014770507812,
            "count": 41
        },
        "agentML.Environment.CumulativeReward.mean": {
            "value": -0.0476933757464091,
            "min": -0.44861544554050153,
            "max": 2.1343834276000657,
            "count": 41
        },
        "agentML.Environment.CumulativeReward.sum": {
            "value": -0.7154006361961365,
            "min": -5.83200079202652,
            "max": 51.22520226240158,
            "count": 41
        },
        "agentML.Policy.ExtrinsicReward.mean": {
            "value": -0.0476933757464091,
            "min": -0.44861544554050153,
            "max": 2.1343834276000657,
            "count": 41
        },
        "agentML.Policy.ExtrinsicReward.sum": {
            "value": -0.7154006361961365,
            "min": -5.83200079202652,
            "max": 51.22520226240158,
            "count": 41
        },
        "agentML.Policy.GailReward.mean": {
            "value": 217.22115885416667,
            "min": 118.29863362563283,
            "max": 305.60296865609973,
            "count": 41
        },
        "agentML.Policy.GailReward.sum": {
            "value": 3258.3173828125,
            "min": 2247.674038887024,
            "max": 4219.884460449219,
            "count": 41
        },
        "agentML.IsTraining.mean": {
            "value": 1.0,
            "min": 1.0,
            "max": 1.0,
            "count": 41
        },
        "agentML.IsTraining.sum": {
            "value": 1.0,
            "min": 1.0,
            "max": 1.0,
            "count": 41
        },
        "agentML.Losses.PolicyLoss.mean": {
            "value": 0.10080518472959545,
            "min": 0.09383887206935168,
            "max": 0.10792479382948253,
            "count": 39
        },
        "agentML.Losses.PolicyLoss.sum": {
            "value": 0.10080518472959545,
            "min": 0.09383887206935168,
            "max": 0.10792479382948253,
            "count": 39
        },
        "agentML.Losses.ValueLoss.mean": {
            "value": 6.5033247940083765,
            "min": 4.791009076602796,
            "max": 18.636721464693547,
            "count": 39
        },
        "agentML.Losses.ValueLoss.sum": {
            "value": 6.5033247940083765,
            "min": 4.791009076602796,
            "max": 18.636721464693547,
            "count": 39
        },
        "agentML.Policy.LearningRate.mean": {
            "value": 1.0786296404600015e-05,
            "min": 1.0786296404600015e-05,
            "max": 0.00029229720256759997,
            "count": 39
        },
        "agentML.Policy.LearningRate.sum": {
            "value": 1.0786296404600015e-05,
            "min": 1.0786296404600015e-05,
            "max": 0.00029229720256759997,
            "count": 39
        },
        "agentML.Policy.Epsilon.mean": {
            "value": 0.1035954,
            "min": 0.1035954,
            "max": 0.19743240000000004,
            "count": 39
        },
        "agentML.Policy.Epsilon.sum": {
            "value": 0.1035954,
            "min": 0.1035954,
            "max": 0.19743240000000004,
            "count": 39
        },
        "agentML.Policy.Beta.mean": {
            "value": 4.559446000000004e-05,
            "min": 4.559446000000004e-05,
            "max": 0.0009745807599999998,
            "count": 39
        },
        "agentML.Policy.Beta.sum": {
            "value": 4.559446000000004e-05,
            "min": 4.559446000000004e-05,
            "max": 0.0009745807599999998,
            "count": 39
        },
        "agentML.Policy.GAILPolicyEstimate.mean": {
            "value": 0.2792123605807622,
            "min": 0.2792123605807622,
            "max": 0.4524928580507974,
            "count": 39
        },
        "agentML.Policy.GAILPolicyEstimate.sum": {
            "value": 0.2792123605807622,
            "min": 0.2792123605807622,
            "max": 0.4524928580507974,
            "count": 39
        },
        "agentML.Policy.GAILExpertEstimate.mean": {
            "value": 0.7046531686123382,
            "min": 0.5372272520789301,
            "max": 0.7046531686123382,
            "count": 39
        },
        "agentML.Policy.GAILExpertEstimate.sum": {
            "value": 0.7046531686123382,
            "min": 0.5372272520789301,
            "max": 0.7046531686123382,
            "count": 39
        },
        "agentML.Losses.GAILLoss.mean": {
            "value": 0.810456450632278,
            "min": 0.810456450632278,
            "max": 1.286566275159518,
            "count": 39
        },
        "agentML.Losses.GAILLoss.sum": {
            "value": 0.810456450632278,
            "min": 0.810456450632278,
            "max": 1.286566275159518,
            "count": 39
        },
        "agentML.Policy.GAILGradMagLoss.mean": {
            "value": 0.04508855667110559,
            "min": 0.0435994341558854,
            "max": 1.257963268868625,
            "count": 39
        },
        "agentML.Policy.GAILGradMagLoss.sum": {
            "value": 0.04508855667110559,
            "min": 0.0435994341558854,
            "max": 1.257963268868625,
            "count": 39
        },
        "agentML.Losses.PretrainingLoss.mean": {
            "value": 0.6160263386757477,
            "min": 0.6160263386757477,
            "max": 1.3176969147246818,
            "count": 39
        },
        "agentML.Losses.PretrainingLoss.sum": {
            "value": 0.6160263386757477,
            "min": 0.6160263386757477,
            "max": 1.3176969147246818,
            "count": 39
        }
    },
    "metadata": {
        "timer_format_version": "0.1.0",
        "start_time_seconds": "1722668224",
        "python_version": "3.10.11 | packaged by Anaconda, Inc. | (main, May 16 2023, 00:55:32) [MSC v.1916 64 bit (AMD64)]",
        "command_line_arguments": "D:\\Users\\nacho\\anaconda3\\envs\\cursoml5\\Scripts\\mlagents-learn ./trainer_config_demo.yaml --run-id prueba2Demo",
        "mlagents_version": "1.1.0.dev0",
        "mlagents_envs_version": "1.1.0.dev0",
        "communication_protocol_version": "1.5.0",
        "pytorch_version": "2.2.2+cu121",
        "numpy_version": "1.22.4",