{
    "name": "root",
    "gauges": {
        "agentML.Policy.Entropy.mean": {
            "value": 0.6302704215049744,
            "min": 0.6302704215049744,
            "max": 1.3939090967178345,
            "count": 28
        },
        "agentML.Policy.Entropy.sum": {
            "value": 7555.68212890625,
            "min": 631.4407958984375,
            "max": 16217.2109375,
            "count": 28
        },
        "agentML.Environment.EpisodeLength.mean": {
            "value": 60.79381443298969,
            "min": 59.93908629441624,
            "max": 225.5,
            "count": 28
        },
        "agentML.Environment.EpisodeLength.sum": {
            "value": 11794.0,
            "min": 451.0,
            "max": 12556.0,
            "count": 28
        },
        "agentML.Step.mean": {
            "value": 491928.0,
            "min": 167896.0,
            "max": 491928.0,
            "count": 28
        },
        "agentML.Step.sum": {
            "value": 491928.0,
            "min": 167896.0,
            "max": 491928.0,
            "count": 28
        },
        "agentML.Policy.ExtrinsicValueEstimate.mean": {
            "value": 1.9130274057388306,
            "min": 0.6552691459655762,
            "max": 1.9324692487716675,
            "count": 28
        },
        "agentML.Policy.ExtrinsicValueEstimate.sum": {
            "value": 371.1273193359375,
            "min": 0.6552691459655762,
            "max": 375.8779296875,
            "count": 28
        },
        "agentML.Environment.CumulativeReward.mean": {
            "value": 2.9387650686441007,
            "min": 2.6719528458335184,
            "max": 2.9393229484558105,
            "count": 28
        },
        "agentML.Environment.CumulativeReward.sum": {
            "value": 570.1204233169556,
            "min": 2.724600315093994,
            "max": 579.0466208457947,
            "count": 28
        },
        "agentML.Policy.ExtrinsicReward.mean": {
            "value": 2.9387650686441007,
            "min": 2.6719528458335184,
            "max": 2.9393229484558105,
            "count": 28
        },
        "agentML.Policy.ExtrinsicReward.sum": {
            "value": 570.1204233169556,
            "min": 2.724600315093994,
            "max": 579.0466208457947,
            "count": 28
        },
        "agentML.IsTraining.mean": {
            "value": 1.0,
            "min": 1.0,
            "max": 1.0,
            "count": 28
        },
        "agentML.IsTraining.sum": {
            "value": 1.0,
            "min": 1.0,
            "max": 1.0,
            "count": 28
        },
        "agentML.Losses.PolicyLoss.mean": {
            "value": 0.09836296849749623,
            "min": 0.09509881216295582,
            "max": 0.1063420513027253,
            "count": 26
        },
        "agentML.Losses.PolicyLoss.sum": {
            "value": 0.09836296849749623,
            "min": 0.09509881216295582,
            "max": 0.1063420513027253,
            "count": 26
        },
        "agentML.Losses.ValueLoss.mean": {
            "value": 0.04456792658928669,
            "min": 0.035611843202203355,
            "max": 0.19468801097935112,
            "count": 26
        },
        "agentML.Losses.ValueLoss.sum": {
            "value": 0.04456792658928669,
            "min": 0.035611843202203355,
            "max": 0.19468801097935112,
            "count": 26
        },
        "agentML.Policy.LearningRate.mean": {
            "value": 1.0656696447800012e-05,
            "min": 1.0656696447800012e-05,
            "max": 0.0001921458359514,
            "count": 26
        },
        "agentML.Policy.LearningRate.sum": {
            "value": 1.0656696447800012e-05,
            "min": 1.0656696447800012e-05,
            "max": 0.0001921458359514,
            "count": 26
        },
        "agentML.Policy.Epsilon.mean": {
            "value": 0.1035522,
            "min": 0.1035522,
            "max": 0.1640486,
            "count": 26
        },
        "agentML.Policy.Epsilon.sum": {
            "value": 0.1035522,
            "min": 0.1035522,
            "max": 0.1640486,
            "count": 26
        },
        "agentML.Policy.Beta.mean": {
            "value": 4.516678000000005e-05,
            "min": 4.516678000000005e-05,
            "max": 0.00064408114,
            "count": 26
        },
        "agentML.Policy.Beta.sum": {
            "value": 4.516678000000005e-05,
            "min": 4.516678000000005e-05,
            "max": 0.00064408114,
            "count": 26
        }
    },
    "metadata": {
        "timer_format_version": "0.1.0",
        "start_time_seconds": "1722680018",
        "python_version": "3.10.11 | packaged by Anaconda, Inc. | (main, May 16 2023, 00:55:32) [MSC v.1916 64 bit (AMD64)]",
        "command_line_arguments": "D:\\Users\\nacho\\anaconda3\\envs\\cursoml5\\Scripts\\mlagents-learn ./trainer_config.yaml --run-id prueba2SinDemo --resume",
        "mlagents_version": "1.1.0.dev0",
        "mlagents_envs_version": "1.1.0.dev0",
        "communication_protocol_version": "1.5.0",
        "pytorch_version": "2.2.2+cu121",
        "numpy_version": "1.22.4",
        "end_time_seconds": "1722682851"
    },
    "total": 2832.5682718000025,
    "count": 1,
    "self": 0.13056859996868297,
    "children": {
        "run_training.setup": {
            "total": 0.27600320003693923,
            "count": 1,
            "self": 0.27600320003693923
        },
        "TrainerController.start_learning": {
            "total": 2832.161699999997,
            "count": 1,
            "self": 6.3873185174306855,
            "children": {
                "TrainerController._reset_env": {
                    "total": 43.04804919997696,
                    "count": 1,
                    "self": 43.04804919997696
                },
                "TrainerController.advance": {
                    "total": 2782.607656082604,
                    "count": 335805,
                    "self": 5.676069082284812,
                    "children": {
                        "env_step": {
                            "total": 2523.154703894863,
                            "count": 335805,
                            "self": 1445.4195576848579,
                            "children": {
                                "SubprocessEnvManager._take_step": {
                                    "total": 1073.5599474938354,
                                    "count": 335805,
                                    "self": 19.056646588549484,
                                    "children": {
                                        "TorchPolicy.evaluate": {
                                            "total": 1054.5033009052859,
                                            "count": 332407,
                                            "self": 1054.5033009052859
                                        }
                                    }
                                },
                                "workers": {
                                    "total": 4.175198716169689,
                                    "count": 335805,
                                    "self": 0.0,
                                    "children": {
                                        "worker_root": {
                                            "total": 2788.2271592987236,
                                            "count": 335805,
                                            "is_parallel": true,
                                            "self": 1642.6574585047201,
                                            "children": {
                                                "steps_from_proto": {
                                                    "total": 0.03328240005066618,
                                                    "count": 1,
                                                    "is_parallel": true,
                                                    "self": 0.000989600084722042,